id,day,start,end,timezone,durationMin,stage,type,title,speakers,moderators,venue
a306cf1f74467159,2026-10-07,2026-10-07T07:30,2026-10-07T09:00,Asia/Singapore,90,,General,Registration and Continental Breakfast,,,"Marina Bay Sands, Singapore"
1cb6154a10041250,2026-10-07,2026-10-07T09:00,2026-10-07T09:10,Asia/Singapore,10,OKX Main Stage,Intro,Welcome to TOKEN2049 Singapore,,,"Marina Bay Sands, Singapore"
fd00462dd173fc03,2026-10-07,2026-10-07T09:10,2026-10-07T09:30,Asia/Singapore,20,OKX Main Stage,Keynote,The Open Source Network State,"Balaji Srinivasan - Founder, The Network State",,"Marina Bay Sands, Singapore"
6a3e7d86838eb908,2026-10-07,2026-10-07T09:15,2026-10-07T09:50,Asia/Singapore,35,MEXC Stage,Panel,The Next Cycle: Investing in a Changed Market,"Arthur Cheong - CEO and CIO, DeFiance Capital; Jason Kam - Founder, Folius Ventures; Zaheer Ebtikar - CSO, Plasma","Avi Felman - CEO, 1000x Media","Marina Bay Sands, Singapore"
7631656b8a70b7e5,2026-10-07,2026-10-07T09:30,2026-10-07T10:00,Asia/Singapore,30,OKX Main Stage,Fireside,Polymarket Fireside Chat,"Shayne Coplan - Founder and CEO, Polymarket","Balaji Srinivasan - Founder, The Network State","Marina Bay Sands, Singapore"
a712f140ef9f4a6a,2026-10-07,2026-10-07T09:50,2026-10-07T10:10,Asia/Singapore,20,MEXC Stage,Fireside,Market Wizards,"Dim Selk - Investments, Selini Capital","Jordi Alexander - Founder, Selini Capital","Marina Bay Sands, Singapore"
2c52a4b3e194d275,2026-10-07,2026-10-07T10:00,2026-10-07T10:20,Asia/Singapore,20,BingX Labs Stage,Keynote,Keynote,"Zooko - CPO, Shielded Labs / Zcash",,"Marina Bay Sands, Singapore"
b216252431294446,2026-10-07,2026-10-07T10:00,2026-10-07T10:20,Asia/Singapore,20,OKX Main Stage,Keynote,Crypto Spring Turning Into Full Blown Bull Market,"Tom Lee - CIO and Portfolio Manager / Chairman, Fundstrat / BitMine",,"Marina Bay Sands, Singapore"
fc9a9dfd9d0f4937,2026-10-07,2026-10-07T10:10,2026-10-07T10:30,Asia/Singapore,20,MEXC Stage,Fireside,Building the Neobrokerage,"Armani Ferrante - Founder and CEO, Backpack Exchange","Kyle Samani - Chairman, Forward Industries","Marina Bay Sands, Singapore"
9b351aaebec9a700,2026-10-07,2026-10-07T10:15,2026-10-07T10:30,Asia/Singapore,15,Bit Digital Stage,Keynote,Crypto-Agility in the Age of Quantum: Introducing Strongpoint,"Alex Pruden - Co-Founder and CEO, Project Eleven",,"Marina Bay Sands, Singapore"
121b2f788a2adf3e,2026-10-07,2026-10-07T10:20,2026-10-07T10:40,Asia/Singapore,20,BingX Labs Stage,Keynote,Crypto x AI: Funding the Next Industrial Revolution,"Alex Pack - Managing Partner, Hack VC",,"Marina Bay Sands, Singapore"
a9abce5408d4ebf6,2026-10-07,2026-10-07T10:20,2026-10-07T11:00,Asia/Singapore,40,OKX Main Stage,Panel,DeFi’s Institutional Breakthrough,"Stani Kulechov - Founder and CEO, Aave Labs; Guy Young - CEO, Ethena Labs; Kain Warwick - Founder, Infinex / Synthetix","Robbie Petersen - Investment Partner, a16z crypto","Marina Bay Sands, Singapore"
188a05adb6de961b,2026-10-07,2026-10-07T10:30,2026-10-07T10:45,Asia/Singapore,15,Bit Digital Stage,Keynote,Keynote,"Steven Goldfeder - Co-Founder and CEO, Offchain Labs",,"Marina Bay Sands, Singapore"
08a96a9707b955bd,2026-10-07,2026-10-07T10:30,2026-10-07T10:45,Asia/Singapore,15,MEXC Stage,Keynote,"Wall St. 2049: Everything Trades, Nobody Sleeps","Akshay BD - Non-CMO, Solana Foundation",,"Marina Bay Sands, Singapore"
4cfcc8e8f3117af2,2026-10-07,2026-10-07T10:40,2026-10-07T11:00,Asia/Singapore,20,BingX Labs Stage,Keynote,"Intelligence You Own, Not Rent","Emad Mostaque - Founder and CEO, Intelligent Internet",,"Marina Bay Sands, Singapore"
d5afd4fd34b458af,2026-10-07,2026-10-07T10:45,2026-10-07T11:00,Asia/Singapore,15,Bit Digital Stage,Keynote,Keynote,"Yoshi Yokokawa - Co-Founder and CEO, Alpaca",,"Marina Bay Sands, Singapore"
73614e73d6f88235,2026-10-07,2026-10-07T10:45,2026-10-07T11:00,Asia/Singapore,15,MEXC Stage,Keynote,Keynote,"Keone Hon - Co-Founder, Monad Foundation",,"Marina Bay Sands, Singapore"
388f5b961b13d0e4,2026-10-07,2026-10-07T11:00,2026-10-07T11:20,Asia/Singapore,20,BingX Labs Stage,Keynote,AI Agents Trading on the Blockchain,"Alexander Good - CEO, Post Fiat",,"Marina Bay Sands, Singapore"
4f14bcf6b4b9c8a8,2026-10-07,2026-10-07T11:00,2026-10-07T11:15,Asia/Singapore,15,Bit Digital Stage,Keynote,Agentic Trading: Will AI Outperform Human Traders?,"Alex Svanevik - Co-Founder and CEO, Nansen",,"Marina Bay Sands, Singapore"
f88e14f246a0ed5c,2026-10-07,2026-10-07T11:00,2026-10-07T11:15,Asia/Singapore,15,MEXC Stage,Keynote,"Onchain Options, Derivatives and the US Market","Vladimir Novakovski - Founder and CEO, Lighter",,"Marina Bay Sands, Singapore"
5ebd68b212c33d90,2026-10-07,2026-10-07T11:00,2026-10-07T11:35,Asia/Singapore,35,OKX Main Stage,Fireside,Hyperliquid: Rebuilding Finance from First Principles,"Jeff Yan - CEO, Hyperliquid Labs","Hart Lambur - Co-Founder, Risk Labs","Marina Bay Sands, Singapore"
e914d80dd09fe2ef,2026-10-07,2026-10-07T11:15,2026-10-07T11:30,Asia/Singapore,15,Bit Digital Stage,Keynote,Keynote,"Leo Zhang - CEO, 42",,"Marina Bay Sands, Singapore"
503ae14da7935823,2026-10-07,2026-10-07T11:15,2026-10-07T11:35,Asia/Singapore,20,MEXC Stage,Keynote,The Memecoin Supercycle: Two Years Later,Murad Mahmudov - Investor,,"Marina Bay Sands, Singapore"
34b813503dbff12e,2026-10-07,2026-10-07T11:20,2026-10-07T11:40,Asia/Singapore,20,BingX Labs Stage,Keynote,Making AI and Finance Private by Default,"Illia Polosukhin - Co-Founder, NEAR Protocol",,"Marina Bay Sands, Singapore"
4dd8467ea1fc9e84,2026-10-07,2026-10-07T11:30,2026-10-07T11:45,Asia/Singapore,15,Bit Digital Stage,Keynote,Trasia Scout Mode: Defining Perp-trading Paradigm,"Mable Jiang - Co-Founder, Trasia",,"Marina Bay Sands, Singapore"
f54d0b756f57318b,2026-10-07,2026-10-07T11:35,2026-10-07T12:00,Asia/Singapore,25,OKX Main Stage,Keynote,Keynote,"Arthur Hayes - CIO, Maelstrom",,"Marina Bay Sands, Singapore"
1342a1e3223e4971,2026-10-07,2026-10-07T11:40,2026-10-07T12:10,Asia/Singapore,30,BingX Labs Stage,Fireside,The Future of Crypto vs The Future of AI,"Santiago Roel Santos - Founder and CEO, Inversion","Logan Jastremski - Managing Partner, Frictionless Capital","Marina Bay Sands, Singapore"
31e0e665ce3e82eb,2026-10-07,2026-10-07T11:40,2026-10-07T12:00,Asia/Singapore,20,MEXC Stage,Keynote,How Onchain Goes Mainstream,"Paul Erlanger - CEO, fomo",,"Marina Bay Sands, Singapore"
60ee2b20b4d2bd3a,2026-10-07,2026-10-07T11:45,2026-10-07T12:00,Asia/Singapore,15,Bit Digital Stage,Keynote,Keynote,"Fahmi Syed - President, Midnight",,"Marina Bay Sands, Singapore"
6c9b970514f4592b,2026-10-07,2026-10-07T12:00,2026-10-07T12:15,Asia/Singapore,15,Bit Digital Stage,Keynote,Power of Vision,"Andrei Grachev - Managing Partner, DWF Labs",,"Marina Bay Sands, Singapore"
87854fc87fc23df2,2026-10-07,2026-10-07T12:00,2026-10-07T12:15,Asia/Singapore,15,MEXC Stage,Keynote,The Base Case for Moving Money Onchain,"Jesse Pollak - Head of Base, Base",,"Marina Bay Sands, Singapore"
ebd35ca45154333e,2026-10-07,2026-10-07T12:00,2026-10-07T12:30,Asia/Singapore,30,OKX Main Stage,Keynote,The Exponential Age,"Raoul Pal - Co-Founder and CEO, Real Vision",,"Marina Bay Sands, Singapore"
ce1937b6817f4db8,2026-10-07,2026-10-07T12:10,2026-10-07T12:30,Asia/Singapore,20,BingX Labs Stage,Fireside,Robinhood Chain,"Johann Kerbrat - GM and VP, Robinhood Crypto","Ran Neuner - Founder, Crypto Banter","Marina Bay Sands, Singapore"
45f85acc790136a6,2026-10-07,2026-10-07T12:15,2026-10-07T12:30,Asia/Singapore,15,MEXC Stage,Keynote,The New Money Stack: Where Fiat Meets Crypto,"Henri Stern - Co-Founder and CEO, Privy",,"Marina Bay Sands, Singapore"
8d4b98988aba0e42,2026-10-07,2026-10-07T12:30,2026-10-07T12:45,Asia/Singapore,15,BingX Labs Stage,Keynote,Welcome to the Trillion-Dollar Agentic Economy,,,"Marina Bay Sands, Singapore"
942c4a949a412a06,2026-10-07,2026-10-07T12:30,2026-10-07T12:45,Asia/Singapore,15,Bit Digital Stage,Keynote,Next Billion Users Should Never Touch Blockchain,"Pauline Shangett - CSO, ChangeNOW",,"Marina Bay Sands, Singapore"
a89c872707aef809,2026-10-07,2026-10-07T12:30,2026-10-07T13:00,Asia/Singapore,30,MEXC Stage,Panel,Building the Next Global Trading Platform,"Vugar Usi - CEO, MEXC; Arjun Sethi - Co-CEO, Payward / Kraken",,"Marina Bay Sands, Singapore"
3d110769739daa07,2026-10-07,2026-10-07T12:45,2026-10-07T13:05,Asia/Singapore,20,BingX Labs Stage,Fireside,From Charter to Checkout: Making Stablecoins Spendable,"Zach Witkoff - CEO, World Liberty Financial","Bam Azizi - Co-Founder and CEO, Mesh","Marina Bay Sands, Singapore"
d5e2c170b1daa516,2026-10-07,2026-10-07T12:45,2026-10-07T13:15,Asia/Singapore,30,Bit Digital Stage,Panel,The Next Generation of ETH,"Sam Tabar - CEO, Bit Digital; Matthew Dawson - Co-Founder, Ethereum Institutional","Amanda Cassatt - Founder and CEO, Serotonin","Marina Bay Sands, Singapore"
16617435f26468a3,2026-10-07,2026-10-07T13:00,2026-10-07T14:00,Asia/Singapore,60,,General,Lunch,,,"Marina Bay Sands, Singapore"
b6385ee2c876e55c,2026-10-07,2026-10-07T14:00,2026-10-07T14:15,Asia/Singapore,15,Bit Digital Stage,Keynote,Bitcoin-Backed Tokens: The EverValue Case,"Rafael Castaneda - Head of Ecosystem, EVA",,"Marina Bay Sands, Singapore"
a8c2210e85ab3f1c,2026-10-07,2026-10-07T14:00,2026-10-07T14:30,Asia/Singapore,30,MEXC Stage,Panel,DeFi: The Race to Power Global Finance,"TN Lee - CEO, Pendle; Cheryl Chan - Head of Strategy and Growth, Kamino","Seraphim - Special Situations, Solana Foundation","Marina Bay Sands, Singapore"
13c5db7760838915,2026-10-07,2026-10-07T14:00,2026-10-07T14:40,Asia/Singapore,40,OKX Main Stage,Panel,"The Future of Finance, Built in America","Eric Trump - Co-Founder, World Liberty Financial; Zach Witkoff - CEO, World Liberty Financial","David Wachsman - CEO, Wachsman","Marina Bay Sands, Singapore"
0ea0d77b510376f1,2026-10-07,2026-10-07T14:15,2026-10-07T14:30,Asia/Singapore,15,Bit Digital Stage,Keynote,Compliant Privacy in Public Blockchains: The Missing Primitive,"Michal Pospieszalski - CEO, AmericanFortress",,"Marina Bay Sands, Singapore"
373f07063cc0820c,2026-10-07,2026-10-07T14:30,2026-10-07T14:50,Asia/Singapore,20,BingX Labs Stage,Keynote,Keynote,"Zach Pandl - Head of Research, Grayscale",,"Marina Bay Sands, Singapore"
42f53e78e7f74dc2,2026-10-07,2026-10-07T14:30,2026-10-07T14:45,Asia/Singapore,15,Bit Digital Stage,Keynote,Personal Data Asset Network for the AI Era,,,"Marina Bay Sands, Singapore"
3a87f367f141be81,2026-10-07,2026-10-07T14:30,2026-10-07T14:45,Asia/Singapore,15,MEXC Stage,Keynote,"The Half-Life of Ideas: Why We Back Founders, Not Narratives","Will Robinson - Partner, Alliance",,"Marina Bay Sands, Singapore"
7d0e2d8abf5a0560,2026-10-07,2026-10-07T14:40,2026-10-07T15:00,Asia/Singapore,20,OKX Main Stage,Keynote,When Crypto Meets Agents,"Haseeb Qureshi - Managing Partner, Dragonfly",,"Marina Bay Sands, Singapore"
3d87dc3a69eb742c,2026-10-07,2026-10-07T14:45,2026-10-07T15:00,Asia/Singapore,15,MEXC Stage,Keynote,Stablecoin Powered Neobanks: Ethena and Etherfi,"Guy Young - CEO, Ethena Labs; Mike Silagadze - Founder and CEO, ether.fi",,"Marina Bay Sands, Singapore"
338e9b5da820b63b,2026-10-07,2026-10-07T14:50,2026-10-07T15:20,Asia/Singapore,30,BingX Labs Stage,Panel,From the White House to Wall Street: What’s Next for Crypto?,"Jake Chervinsky - CEO, Hyperliquid Policy Center; Arjun Sethi - Co-CEO, Kraken; Charles Cascarilla - Co-Founder and CEO, Paxos; Scott Lawin - President, Pantera Capital","Jacquelyn Melinek - Founder and CEO, Stratamedia","Marina Bay Sands, Singapore"
f912c540c3b5c176,2026-10-07,2026-10-07T15:00,2026-10-07T15:15,Asia/Singapore,15,MEXC Stage,Keynote,Quality Is the New Alpha in Crypto,"Jamie Coutts - Chief Crypto Analyst, Real Vision",,"Marina Bay Sands, Singapore"
feddfcb42703ea2a,2026-10-07,2026-10-07T15:00,2026-10-07T15:35,Asia/Singapore,35,OKX Main Stage,Panel,The Zcash Moment,"Balaji Srinivasan - Founder, The Network State; Tyler Winklevoss - Co-Founder and CEO, Gemini; Cameron Winklevoss - Co-Founder and President, Gemini","Mert - CEO, Helius","Marina Bay Sands, Singapore"
66d7957cb5b11bae,2026-10-07,2026-10-07T15:15,2026-10-07T15:30,Asia/Singapore,15,MEXC Stage,Keynote,Crypto’s First Real Bull Market: Here’s How High We Go.,"Ran Neuner - Founder, Crypto Banter",,"Marina Bay Sands, Singapore"
b533e9c73939ee4d,2026-10-07,2026-10-07T15:20,2026-10-07T15:50,Asia/Singapore,30,BingX Labs Stage,Panel,The Great Reallocation: Where Crypto Capital Goes Next,"Richard Galvin - Executive Chairman and CIO, DACM; Dan Tapiero - Founder, CEO, and CIO, 50T Funds; Shiliang Tang - CEO, Monarq Asset Management; Chris Rayner-Cook - CIO, Brevan Howard","Jessica Walker - Global Media and Content Lead, Binance","Marina Bay Sands, Singapore"
ef1f86c1f63f434f,2026-10-07,2026-10-07T15:30,2026-10-07T16:00,Asia/Singapore,30,MEXC Stage,Panel,Crypto’s Identity Crisis: What Are We Actually Betting On?,"Kelvin Koh - Co-Founder and Partner, Spartan Group; Santiago Roel Santos - Founder and CEO, Inversion; Rajiv Patel-O'Connor - General Partner, Framework Ventures","Larry Cermak - President, The Block","Marina Bay Sands, Singapore"
7e59e9406b0ced4e,2026-10-07,2026-10-07T15:35,2026-10-07T16:00,Asia/Singapore,25,OKX Main Stage,Fireside,Lando Norris × OKX: The Drive to Win,"Lando Norris - Driver, McLaren Mastercard Formula 1 Team","Haider Rafique - Managing Partner and CMO, OKX","Marina Bay Sands, Singapore"
44118b11f3f543ab,2026-10-07,2026-10-07T15:45,2026-10-07T16:00,Asia/Singapore,15,Bit Digital Stage,Keynote,From Protocols to Chips: Building the Full Stack for Decentralized AI,"Daniil Liberman - Co-Creator, Gonka",,"Marina Bay Sands, Singapore"
1dc822dbef6c8519,2026-10-07,2026-10-07T15:50,2026-10-07T16:20,Asia/Singapore,30,BingX Labs Stage,Panel,Tokenized Markets: How Institutional Finance Moves Onchain,"Andrew McCormick - Head of Institutional and Market Dev, Chainlink; Michael Higgins - International CEO, Ripple Prime; Joshua Lim - Global Head of Markets, FalconX","Roland Chai - EVP and Head of Digital Liquidity Networks, NASDAQ","Marina Bay Sands, Singapore"
a8a4465bf0985be5,2026-10-07,2026-10-07T16:00,2026-10-07T16:15,Asia/Singapore,15,MEXC Stage,Keynote,"Master the Trenches: Price Impact, VWAP, and uPnL","Dennis Qian - Co-Founder, Definitive Finance",,"Marina Bay Sands, Singapore"
d557ccbbfafd346d,2026-10-07,2026-10-07T16:00,2026-10-07T16:35,Asia/Singapore,35,OKX Main Stage,Fireside,Raoul Pal & Zoltan Pozsar: The New Money Order (Chatham House Rules),"Zoltan Pozsar - Founder and CEO, Ex Uno Plures","Raoul Pal - Co-Founder and CEO, Real Vision","Marina Bay Sands, Singapore"
c057a9acd26c0876,2026-10-07,2026-10-07T16:15,2026-10-07T16:30,Asia/Singapore,15,Bit Digital Stage,Keynote,The Center of Gravity Has Moved: Asia’s AI & Crypto Decade,"Magnus Grimeland - Founder and CEO, Antler",,"Marina Bay Sands, Singapore"
2e6fd25a3cf284f4,2026-10-07,2026-10-07T16:15,2026-10-07T16:30,Asia/Singapore,15,MEXC Stage,Keynote,2026 is the Year that Fundamentals Outperformed,"Lasse Clausen - Founding Partner, 1kx",,"Marina Bay Sands, Singapore"
4040a0f110102a23,2026-10-07,2026-10-07T16:20,2026-10-07T16:50,Asia/Singapore,30,BingX Labs Stage,Panel,Quantum: An Existential Threat to Crypto?,"Alex Pruden - Co-Founder and CEO, Project Eleven; Eli Ben-Sasson - Co-Founder and CEO, StarkWare; Arthur Breitman - Co-Founder, Tezos","Ren CF - General Partner, Electric Capital","Marina Bay Sands, Singapore"
ee886b934ecbd629,2026-10-07,2026-10-07T16:30,2026-10-07T16:45,Asia/Singapore,15,Bit Digital Stage,Keynote,When Games Become Reality: The Return of the Metaverse,"Yat Siu - Co-Founder and Executive Chairman, Animoca Brands",,"Marina Bay Sands, Singapore"
46526839f74561a7,2026-10-07,2026-10-07T16:30,2026-10-07T16:45,Asia/Singapore,15,MEXC Stage,Keynote,Everyone Is an Asset Allocator Now,"Kash Dhanda - COO, Jupiter",,"Marina Bay Sands, Singapore"
183e415fcbdb1cad,2026-10-07,2026-10-07T16:35,2026-10-07T17:10,Asia/Singapore,35,OKX Main Stage,Panel,The Agent Economy: Why AI Needs Crypto,"Illia Polosukhin - Co-Founder, NEAR Protocol; Emad Mostaque - Founder and CEO, Intelligent Internet; Jesse Pollak - Head of Base, Base","Tarun Chitra - Co-Founder and CEO, Gauntlet","Marina Bay Sands, Singapore"
08bafddd17683fab,2026-10-07,2026-10-07T16:45,2026-10-07T17:00,Asia/Singapore,15,MEXC Stage,Keynote,Keynote,"JF Rochet - EVP Consumer Services, Ledger",,"Marina Bay Sands, Singapore"
205c258923e0fae3,2026-10-07,2026-10-07T16:50,2026-10-07T17:30,Asia/Singapore,40,BingX Labs Stage,Panel,Steady Lads Live,"Taiki Maeda - Humble Farmer, Humble Farmer Army; Justin Bram - Investor; Dim Selk - Investments, Selini Capital","Jordi Alexander - Founder, Selini Capital","Marina Bay Sands, Singapore"
046ac689cdab0c4f,2026-10-07,2026-10-07T17:00,2026-10-07T17:15,Asia/Singapore,15,Bit Digital Stage,Keynote,What Is Next for Stablecoins,"Luca Prosperi - Co-Founder and CEO, M0",,"Marina Bay Sands, Singapore"
847eb26147b8ec77,2026-10-07,2026-10-07T17:00,2026-10-07T17:05,Asia/Singapore,5,MEXC Stage,Startup Competition,Welcome to the NEXUS Startup Competition First Round,"Tom Schmidt - General Partner, Dragonfly; Akshat Vaidya - Co-Founder and Managing Partner, Maelstrom; Spencer Applebaum - GP and Co-Head of Venture, Multicoin Capital",,"Marina Bay Sands, Singapore"
3cd032a525adb7ef,2026-10-07,2026-10-07T17:05,2026-10-07T17:10,Asia/Singapore,5,MEXC Stage,Startup Competition,NEXUS Startup Competition Pitch #1 - Bermuda Bay,"Jan Philipp Fritsche - Co-Founder, Bermuda",,"Marina Bay Sands, Singapore"
77f8ff0acbded69c,2026-10-07,2026-10-07T17:10,2026-10-07T17:15,Asia/Singapore,5,MEXC Stage,Startup Competition,NEXUS Startup Competition Pitch #2 - Helix,"Jitendra Singh Jaitawat - Co-Founder and CEO, Helix",,"Marina Bay Sands, Singapore"
73913d224e23fcd4,2026-10-07,2026-10-07T17:10,2026-10-07T17:40,Asia/Singapore,30,OKX Main Stage,Panel,Memecoins: Dead or Just Getting Started?,"Murad Mahmudov - Investor; Ansem ​ - Co-Founder, Bullpen; Paul Erlanger - CEO, fomo","Ran Neuner - Founder, Crypto Banter","Marina Bay Sands, Singapore"
d48d35b7e9a67351,2026-10-07,2026-10-07T17:15,2026-10-07T17:30,Asia/Singapore,15,Bit Digital Stage,Keynote,The Distribution Problem: Tokenization's Next Bottleneck,"Jim Hiltner - Co-Founder, Superstate",,"Marina Bay Sands, Singapore"
e74f73bfdbb2af09,2026-10-07,2026-10-07T17:15,2026-10-07T17:20,Asia/Singapore,5,MEXC Stage,Startup Competition,NEXUS Startup Competition Pitch #3 - Crebit Pay,"Jensen Coonradt - CEO, Crebit Pay",,"Marina Bay Sands, Singapore"
d44705e57d947a07,2026-10-07,2026-10-07T17:20,2026-10-07T17:25,Asia/Singapore,5,MEXC Stage,Startup Competition,NEXUS Startup Competition Pitch #4 - The Risk Protocol,"Karamvir Gosal - CEO, The Risk Protocol",,"Marina Bay Sands, Singapore"
f82ed3f33752cd65,2026-10-07,2026-10-07T17:25,2026-10-07T17:30,Asia/Singapore,5,MEXC Stage,Startup Competition,NEXUS Startup Competition Pitch #5 - CRSHMARKET,"Evan Rama - Co-Founder and CEO, CRSHMARKET",,"Marina Bay Sands, Singapore"
3fdcab128abdb144,2026-10-07,2026-10-07T17:30,2026-10-07T17:45,Asia/Singapore,15,Bit Digital Stage,Keynote,Keynote,"Miguel Morel - CEO, Arkham",,"Marina Bay Sands, Singapore"
3060a6d7aa8e8355,2026-10-07,2026-10-07T17:30,2026-10-07T17:35,Asia/Singapore,5,MEXC Stage,Startup Competition,NEXUS Startup Competition Pitch #6 - Liquida,"Dewi Perrin - Co-Founder, Liquida",,"Marina Bay Sands, Singapore"
300b94ba2b7e1b08,2026-10-07,2026-10-07T17:35,2026-10-07T17:40,Asia/Singapore,5,MEXC Stage,Startup Competition,NEXUS Startup Competition Pitch #7 - Gyld Finance,"Ruchir Gupta - Co-Founder, Gyld Finance",,"Marina Bay Sands, Singapore"
acda800aaecaeab8,2026-10-07,2026-10-07T17:40,2026-10-07T17:45,Asia/Singapore,5,MEXC Stage,Startup Competition,NEXUS Startup Competition Pitch #8 - human.tech,,,"Marina Bay Sands, Singapore"
0c1a317aacf1ffb8,2026-10-07,2026-10-07T17:40,2026-10-07T18:00,Asia/Singapore,20,OKX Main Stage,Fireside,"One Gate, Everything Money: For a World That Never Stops","Max Verstappen - 4 x Formula One World Champion, Oracle Red Bull Racing; Lin Han - Founder and CEO, Gate",,"Marina Bay Sands, Singapore"
b55647944c59096a,2026-10-07,2026-10-07T17:45,2026-10-07T17:50,Asia/Singapore,5,MEXC Stage,Startup Competition,NEXUS Startup Competition Pitch #9 - Surge Credit,"Michael Borglin - CEO, Surge Credit",,"Marina Bay Sands, Singapore"
9850ca6feb9d6e8d,2026-10-07,2026-10-07T17:50,2026-10-07T17:55,Asia/Singapore,5,MEXC Stage,Startup Competition,NEXUS Startup Competition Pitch #10 - Ask Gina,"Sid Shekhar - CEO, Ask Gina",,"Marina Bay Sands, Singapore"
99425f8381ade75d,2026-10-07,2026-10-07T17:55,2026-10-07T18:00,Asia/Singapore,5,MEXC Stage,Startup Competition,NEXUS First Round Summary,,,"Marina Bay Sands, Singapore"
f11fb2f18698425f,2026-10-07,2026-10-07T18:00,2026-10-07T19:30,Asia/Singapore,90,,General,Networking Drinks,,,"Marina Bay Sands, Singapore"
b7dc61727fcf2920,2026-10-08,2026-10-08T07:30,2026-10-08T09:00,Asia/Singapore,90,,General,Continental Breakfast,,,"Marina Bay Sands, Singapore"
1e011278c2c6ca06,2026-10-08,2026-10-08T09:00,2026-10-08T09:10,Asia/Singapore,10,OKX Main Stage,Intro,TOKEN2049 Day 2,,,"Marina Bay Sands, Singapore"
a1bde7c76b1368c1,2026-10-08,2026-10-08T09:10,2026-10-08T09:40,Asia/Singapore,30,OKX Main Stage,Panel,The New Institutional Market: Tokenized Assets. Global Liquidity. Onchain Settlement,"Jenny Johnson - CEO, Franklin Templeton; Richard Teng - Co-CEO, Binance; Yuval Rooz - Co-Founder and CEO, Canton","Michael Ippolito - Co-Founder, Blockworks","Marina Bay Sands, Singapore"
0a22323a53e44d74,2026-10-08,2026-10-08T09:15,2026-10-08T09:45,Asia/Singapore,30,MEXC Stage,Panel,The $2T Question: How To Make Tokenized Assets Productive?,"Kristen Mierzwa - Head of Digital Assets, FTSE Russell; Vinh Tran - Associate Director, Digital Assets, WisdomTree","Marcin Kazmierczak - Co-Founder and COO, RedStone / Credora","Marina Bay Sands, Singapore"
ea04508b164a6729,2026-10-08,2026-10-08T09:40,2026-10-08T10:00,Asia/Singapore,20,OKX Main Stage,Keynote,Midnight City,"Charles Hoskinson - Founder and CEO, Input Output Group",,"Marina Bay Sands, Singapore"
38122d1236804104,2026-10-08,2026-10-08T09:45,2026-10-08T10:00,Asia/Singapore,15,MEXC Stage,Keynote,The Path to Scaling Zcash,"Dev Ojha - Founder, Valargroup / Zcash",,"Marina Bay Sands, Singapore"
e769104679c61190,2026-10-08,2026-10-08T10:00,2026-10-08T10:40,Asia/Singapore,40,BingX Labs Stage,Panel,The Machine Native Economy: Do Digital Assets Benefit from AI?,"Dovey Wan - Founder, Primitive Ventures; Alexander Good - Founder, Post Fiat; David Choi - Co-Founder, USD.AI","Jordi Alexander - Founder, Selini Capital","Marina Bay Sands, Singapore"
8b4e567b32778919,2026-10-08,2026-10-08T10:00,2026-10-08T10:15,Asia/Singapore,15,Bit Digital Stage,Keynote,Keynote,"YQ Jia - Founder, AltLayer",,"Marina Bay Sands, Singapore"
65218c0f11e52081,2026-10-08,2026-10-08T10:00,2026-10-08T10:20,Asia/Singapore,20,Institutional Stage,Fireside,"The New Macro Order: Liquidity, Capital and Digital Assets","Zoltan Pozsar - Founder and CEO, Ex Uno Plures","Timothy Moe - Chief Asia Pacific Equity Strategist, Goldman Sachs","Marina Bay Sands, Singapore"
d09e8e832daf5e5d,2026-10-08,2026-10-08T10:00,2026-10-08T10:15,Asia/Singapore,15,MEXC Stage,Keynote,No Banks: Why AI Makes Zcash Inevitable,"Josh Swihart - Founder and CEO, ZODL",,"Marina Bay Sands, Singapore"
1d143d01120a7bfb,2026-10-08,2026-10-08T10:00,2026-10-08T10:40,Asia/Singapore,40,OKX Main Stage,Panel,Regulation: Finding Clarity Across Borders,"Brian Quintenz - Director, SUI Group Holdings; Jake Chervinsky - CEO, Hyperliquid Policy Center; Deepa Raja Carbon - Vice Chair and Managing Director, VARA; Arjun Sethi - Co-CEO, Payward / Kraken","Henri Arslanian - Co-Founder and Managing Partner, Nine Blocks Capital Management","Marina Bay Sands, Singapore"
97228a0b9658b859,2026-10-08,2026-10-08T10:15,2026-10-08T10:30,Asia/Singapore,15,Bit Digital Stage,Keynote,Bitcoin's Quantum Readiness: From Exposure to Upgrade,"Ren CF - General Partner, Electric Capital",,"Marina Bay Sands, Singapore"
6eb6ac8da4d01a8f,2026-10-08,2026-10-08T10:15,2026-10-08T10:30,Asia/Singapore,15,MEXC Stage,Keynote,"Will Quantum End ""Your Keys, Your Coins""?","Eli Ben-Sasson - Co-Founder and CEO, StarkWare",,"Marina Bay Sands, Singapore"
c88a78832bdcbe05,2026-10-08,2026-10-08T10:20,2026-10-08T10:40,Asia/Singapore,20,Institutional Stage,Panel,The Next Wave of Institutional Capital,"Tom Lee - CIO and Portfolio Manager / Chairman, Fundstrat / BitMine; Jenny Johnson - CEO, Franklin Templeton",,"Marina Bay Sands, Singapore"
ce7bf0c683dacc00,2026-10-08,2026-10-08T10:30,2026-10-08T10:45,Asia/Singapore,15,MEXC Stage,Keynote,The Great Unbundling of Finance,"Sam Kazemian - Founder and CEO, Frax",,"Marina Bay Sands, Singapore"
d2348fdba254fcf5,2026-10-08,2026-10-08T10:40,2026-10-08T11:00,Asia/Singapore,20,BingX Labs Stage,Keynote,The Machine Economy Won't Wait,"Adeniyi Abiodun - Co-Founder and CPO, Mysten Labs",,"Marina Bay Sands, Singapore"
37bcb7881c9171d2,2026-10-08,2026-10-08T10:40,2026-10-08T11:00,Asia/Singapore,20,Institutional Stage,Panel,Fireside Chat: Winklevoss,"Tyler Winklevoss - Co-Founder and CEO, Gemini; Cameron Winklevoss - Co-Founder and President, Gemini","Haslinda Amin - Anchor and Editor-at-Large, Bloomberg","Marina Bay Sands, Singapore"
7b5dc722bbe66f2c,2026-10-08,2026-10-08T10:40,2026-10-08T11:10,Asia/Singapore,30,OKX Main Stage,Panel,Crypto: The End of the Beginning,"Kyle Samani - Chairman, Forward Industries; Haseeb Qureshi - Managing Partner, Dragonfly","Santiago Roel Santos - Founder and CEO, Inversion","Marina Bay Sands, Singapore"
ac2c73b9da62ff83,2026-10-08,2026-10-08T10:45,2026-10-08T11:00,Asia/Singapore,15,Bit Digital Stage,Fireside,Fireside Chat: Tristan Thompson,Tristan Thompson - NBA Champion,"Amanda Cassatt - Founder and CEO, Serotonin","Marina Bay Sands, Singapore"
228d79c0070c1912,2026-10-08,2026-10-08T10:45,2026-10-08T11:00,Asia/Singapore,15,MEXC Stage,Keynote,No More Impermanent Loss: Research Turned Into Real Strategy,"Michael Egorov - Founder, Curve Finance / Yield Basis",,"Marina Bay Sands, Singapore"
00d80f4e30f1aa6c,2026-10-08,2026-10-08T11:00,2026-10-08T11:20,Asia/Singapore,20,BingX Labs Stage,Fireside,Leading the Convergence of TradFi and DeFi,"Stani Kulechov - Founder and CEO, Aave Labs","Andy Cavanaugh - Co-Founder, The Rollup","Marina Bay Sands, Singapore"
e67457e5458abe03,2026-10-08,2026-10-08T11:00,2026-10-08T11:15,Asia/Singapore,15,Bit Digital Stage,Keynote,Asia’s Next Export: Its Capital Markets,"Saeed Badreg - CEO, Sunrise",,"Marina Bay Sands, Singapore"
4a1e20918b194beb,2026-10-08,2026-10-08T11:00,2026-10-08T11:20,Asia/Singapore,20,Institutional Stage,Panel,Crypto Without Clarity: What Happens Next?,"Brian Quintenz - Director, SUI Group Holdings; Mike Belshe - Co-Founder and CEO, Bitgo","Jacquelyn Melinek - Founder and CEO, Stratamedia","Marina Bay Sands, Singapore"
4d93649df2d71b4b,2026-10-08,2026-10-08T11:00,2026-10-08T11:15,Asia/Singapore,15,MEXC Stage,Keynote,The Crowdsourced Quant Competition Running a Market-Neutral Stat Arb Vault,"Leigh Drogen - GP and CIO, Starkiller Capital",,"Marina Bay Sands, Singapore"
4d90d9d4eb37489e,2026-10-08,2026-10-08T11:10,2026-10-08T11:40,Asia/Singapore,30,OKX Main Stage,Panel,"Stablecoins: The Payments Industry, Rebuilt","May Zabaneh - SVP, Paypal; Ivan Soto-Wright - Founder and CEO, Moonpay; Farooq Malik - Co-Founder and CEO, Rain","Frank Chaparro - Head of Strategic Communications, GSR","Marina Bay Sands, Singapore"
a45578f89c5d17f6,2026-10-08,2026-10-08T11:15,2026-10-08T11:30,Asia/Singapore,15,Bit Digital Stage,Keynote,Keynote,"Yu Hu - CEO, Kaito AI",,"Marina Bay Sands, Singapore"
8a6fd9b038ba5e36,2026-10-08,2026-10-08T11:15,2026-10-08T11:30,Asia/Singapore,15,MEXC Stage,Keynote,The Agentic Era of Finance: Co-Invest and Beyond,"Franklyn Wang - CEO, Liquid / CoInvest",,"Marina Bay Sands, Singapore"
b3dfe3c27407e0b0,2026-10-08,2026-10-08T11:20,2026-10-08T12:00,Asia/Singapore,40,BingX Labs Stage,Panel,Chopping Block Live with Balaji Srinivasan & Arthur Hayes,"Balaji Srinivasan - Founder, Investor, and Author, The Network State; Arthur Hayes - CIO, Maelstrom; Tarun Chitra - CEO, Gauntlet; Tom Schmidt - General Partner, Dragonfly","Haseeb Qureshi - Managing Partner, Dragonfly","Marina Bay Sands, Singapore"
11e8ebab83f5e521,2026-10-08,2026-10-08T11:20,2026-10-08T11:40,Asia/Singapore,20,Institutional Stage,Fireside,Polymarket: The Information Edge,"Shayne Coplan - Founder and CEO, Polymarket","Rob Hadick - General Partner, Dragonfly","Marina Bay Sands, Singapore"
24db768e79c3a424,2026-10-08,2026-10-08T11:30,2026-10-08T11:45,Asia/Singapore,15,Bit Digital Stage,Keynote,What’s Next for $TRUMP,"Bill Zanker - Co-Founder, $TRUMP",,"Marina Bay Sands, Singapore"
a6b2c7dbbd7c5875,2026-10-08,2026-10-08T11:30,2026-10-08T11:45,Asia/Singapore,15,MEXC Stage,Keynote,Keynote,"Austin Federa - Co-Founder and CEO, DoubleZero",,"Marina Bay Sands, Singapore"
68daccab5e1e108d,2026-10-08,2026-10-08T11:40,2026-10-08T12:00,Asia/Singapore,20,Institutional Stage,Panel,"Institutional Flows: What’s Changed, What’s Next?","Amy Oldenburg - Head of Digital Asset Strategy, Morgan Stanley; Laurie Katz - Global Head of Distribution, Grayscale","Michael Ippolito - Co-Founder, Blockworks","Marina Bay Sands, Singapore"
e56649c2d0dc1fd0,2026-10-08,2026-10-08T11:40,2026-10-08T12:00,Asia/Singapore,20,OKX Main Stage,Keynote,Keynote,"Olaf Carlson-Wee - Founder and CEO, Polychain",,"Marina Bay Sands, Singapore"
4be9fc3d9476c183,2026-10-08,2026-10-08T11:45,2026-10-08T12:00,Asia/Singapore,15,Bit Digital Stage,Keynote,The Parallel AI Blockchain for the Machine Economy,"Juan Jose - CEO, Bitroot",,"Marina Bay Sands, Singapore"
860b63eb56193759,2026-10-08,2026-10-08T11:45,2026-10-08T12:00,Asia/Singapore,15,MEXC Stage,Keynote,Keynote,"Dryden Brown - CEO, Praxis",,"Marina Bay Sands, Singapore"
65ffffc5fffb3493,2026-10-08,2026-10-08T12:00,2026-10-08T12:20,Asia/Singapore,20,BingX Labs Stage,Panel,Why Dubai Wins,"Deepa Raja Carbon - Vice Chair and Managing Director, VARA","Henri Arslanian - Co-Founder and Managing Partner, Nine Blocks Capital Management","Marina Bay Sands, Singapore"
d6991b89447c9f53,2026-10-08,2026-10-08T12:00,2026-10-08T12:15,Asia/Singapore,15,Bit Digital Stage,Keynote,The New Era of Websea: Building the Next Generation of Digital Asset Trading,"Herbert Sim - CMO, Websea",,"Marina Bay Sands, Singapore"
1b7dc35cbf6d4442,2026-10-08,2026-10-08T12:00,2026-10-08T12:15,Asia/Singapore,15,MEXC Stage,Fireside,Fireside Chat: Frederik Gregaard,"Frederik Gregaard - CEO, Cardano Foundation",,"Marina Bay Sands, Singapore"
df6d80ed903f2883,2026-10-08,2026-10-08T12:00,2026-10-08T12:30,Asia/Singapore,30,OKX Main Stage,Panel,Ethereum’s Next Act: From Asset to Economy,"Joseph Lubin - Co‑Founder / Chairman and CEO, Ethereum / MetaMask; Paul Frambot - Co-Founder and CEO, Morpho; Sam Tabar - CEO, Bit Digital","Kartik Talwar - Co-Founder, ETHGlobal","Marina Bay Sands, Singapore"
2ac8d37970ba0923,2026-10-08,2026-10-08T12:15,2026-10-08T12:30,Asia/Singapore,15,MEXC Stage,Keynote,Keynote,"Max Resnick - Lead Economist, Anza",,"Marina Bay Sands, Singapore"
5796b815bd4978bf,2026-10-08,2026-10-08T12:20,2026-10-08T13:00,Asia/Singapore,40,BingX Labs Stage,Panel,"Market Bubble Live with Ansem, Mayne and Avi Felman","Mayne - Founder, Breakout; Avi Felman - CEO, 1000x Media","Ansem ​ - Co-Founder, Bullpen","Marina Bay Sands, Singapore"
1063798449193186,2026-10-08,2026-10-08T12:20,2026-10-08T12:40,Asia/Singapore,20,Institutional Stage,Panel,Hyperliquid: Building the Infrastructure for All Finance,"Jeff Yan - CEO, Hyperliquid Labs; Jake Chervinsky - CEO, Hyperliquid Policy Center; David Schamis - President and CEO, Hyperliquid Strategies Inc","Michael Blaugrund - VP, Strategic Initiatives, ICE","Marina Bay Sands, Singapore"
dc6c01e69eb11d5c,2026-10-08,2026-10-08T12:30,2026-10-08T12:45,Asia/Singapore,15,Bit Digital Stage,Keynote,Keynote,"Todd Ault - Founder and CEO, Ault Capital Group",,"Marina Bay Sands, Singapore"
be4fe1372eb4ec45,2026-10-08,2026-10-08T12:30,2026-10-08T13:00,Asia/Singapore,30,MEXC Stage,Panel,Growing the Pie: Why New Issuers and Allocators are the Future of DeFi,,,"Marina Bay Sands, Singapore"
ee1fc33658fdf16c,2026-10-08,2026-10-08T12:30,2026-10-08T12:45,Asia/Singapore,15,OKX Main Stage,Keynote,The Frontier of Bitcoin,"Muneeb Ali - Founder, Stacks",,"Marina Bay Sands, Singapore"
f06a22091aafaa6f,2026-10-08,2026-10-08T12:45,2026-10-08T13:00,Asia/Singapore,15,OKX Main Stage,Fireside,Fireside Chat with Justin Sun,"Justin Sun - Founder, TRON","Kevin Follonier - Founder, When Shift happens","Marina Bay Sands, Singapore"
dc60abeae2783d5c,2026-10-08,2026-10-08T13:00,2026-10-08T14:00,Asia/Singapore,60,,General,Lunch,,,"Marina Bay Sands, Singapore"
016ddc7bb486e4e9,2026-10-08,2026-10-08T14:00,2026-10-08T14:30,Asia/Singapore,30,BingX Labs Stage,Panel,Crypto Neobanks: The Race to Replace Your Bank,"Mike Silagadze - Founder and CEO, ether.fi; Farooq Malik - Co-Founder and CEO, Rain; Zaheer Ebtikar - CSO, Plasma","Bobby Ong - Co-Founder and CEO, Coingecko","Marina Bay Sands, Singapore"
293c2c4f3a0a96fd,2026-10-08,2026-10-08T14:00,2026-10-08T14:15,Asia/Singapore,15,Bit Digital Stage,Keynote,Keynote,"Sandeep Nailwal - CEO, Polygon Foundation",,"Marina Bay Sands, Singapore"
5bf4ed852e8d9167,2026-10-08,2026-10-08T14:00,2026-10-08T14:20,Asia/Singapore,20,Institutional Stage,Panel,"Digital Assets: Strategic Allocation, Risk and Return","Dan Tapiero - Founder, CEO, and CIO, 50T Funds; Scott Lawin - President, Pantera Capital","Frank Chaparro - Head of Strategic Communications, GSR","Marina Bay Sands, Singapore"
4e49dd37792b4059,2026-10-08,2026-10-08T14:00,2026-10-08T14:30,Asia/Singapore,30,MEXC Stage,Panel,Crypto Venture Capital: What’s Getting Funded Now?,"Steve Lee - Co-Founder and Managing Partner, Neoclassic Capital; Akshat Vaidya - Co-Founder and Managing Partner, Maelstrom; Min Teo - Managing Partner, Ethereal Ventures",,"Marina Bay Sands, Singapore"
1c15ecf1dbb8efb3,2026-10-08,2026-10-08T14:00,2026-10-08T14:20,Asia/Singapore,20,OKX Main Stage,Fireside,Fireside Chat with Nasdaq CEO Adena Friedman,"Adena Friedman - Chair and CEO, Nasdaq","Joanna Ossinger - Managing Editor, CNBC","Marina Bay Sands, Singapore"
928e596e350a8288,2026-10-08,2026-10-08T14:20,2026-10-08T14:40,Asia/Singapore,20,Institutional Stage,Panel,Expanding the Institutional Trading Universe,"Andy Ross - Head of Institutional Business, Kalshi; Giovanni Vicioso - Global Head of Cryptocurrency Products, CME Group",,"Marina Bay Sands, Singapore"
352c12a7df5bc93d,2026-10-08,2026-10-08T14:30,2026-10-08T15:00,Asia/Singapore,30,BingX Labs Stage,Panel,"Will AI Break Crypto, or Make It Stronger?","Cosmo Jiang - General Partner, Pantera Capital; Drake Evans - Co-Founder and CTO, Agora; Jonathan Levin - Co-Founder and CEO, Chainalysis","Logan Jastremski - Managing Partner, Frictionless Capital","Marina Bay Sands, Singapore"
9e9c03ea424a56a4,2026-10-08,2026-10-08T14:30,2026-10-08T15:00,Asia/Singapore,30,MEXC Stage,Panel,Crypto’s Comeback: Are You Holding the Wrong Coins?,"zeroxkyle - Senior Investment Analyst, DefiLlama; Mayne - Founder, Breakout; Dennis Qian - Co-Founder, Definitive Finance","Andy Cavanaugh - Co-Founder, The Rollup","Marina Bay Sands, Singapore"
0745f91c61aa5986,2026-10-08,2026-10-08T14:40,2026-10-08T15:00,Asia/Singapore,20,Institutional Stage,Panel,24/7 Markets: The Future of Global Trading,"Adena Friedman - Chair and CEO, Nasdaq; Arjun Sethi - Co-CEO, Payward / Kraken","Joanna Ossinger - Managing Editor, CNBC","Marina Bay Sands, Singapore"
cdc729a88addabfe,2026-10-08,2026-10-08T14:40,2026-10-08T15:00,Asia/Singapore,20,OKX Main Stage,Panel,The Next 100 Million RWA Holders Are Already Onchain,"Joseph Lubin - Co‑Founder / Chairman and CEO, Ethereum / MetaMask; Johann Kerbrat - SVP and GM, Crypto and International, Robinhood","David Hoffman - Owner, Bankless","Marina Bay Sands, Singapore"
4fb36f210a291e17,2026-10-08,2026-10-08T15:00,2026-10-08T15:30,Asia/Singapore,30,BingX Labs Stage,Panel,Institutional Crypto Capital Flows,"Giovanni Vicioso - Global Head of Cryptocurrency Products, CME Group; Liz Martin - CEO, Coinbase Institutional; Kathleen Wrynn - Global Head of Digital Assets, Invesco","Frank Chaparro - Head of Strategic Communications, GSR","Marina Bay Sands, Singapore"
7a8dc92846468bce,2026-10-08,2026-10-08T15:00,2026-10-08T16:00,Asia/Singapore,60,MEXC Stage,Startup Competition,NEXUS Startup Competition Final Round,"Tom Schmidt - General Partner, Dragonfly; Akshat Vaidya - Co-Founder and Managing Partner, Maelstrom; Spencer Applebaum - GP and Co-Head of Venture, Multicoin Capital",,"Marina Bay Sands, Singapore"
c7ef3207d5b6817d,2026-10-08,2026-10-08T15:00,2026-10-08T15:20,Asia/Singapore,20,OKX Main Stage,Keynote,"The Future of Real World Assets - On Chain Equities, Perps, and Beyond","Kyle Samani - Chairman, Forward Industries",,"Marina Bay Sands, Singapore"
4b787476797d254c,2026-10-08,2026-10-08T15:15,2026-10-08T15:30,Asia/Singapore,15,Bit Digital Stage,Keynote,Tokenization: Capital for Humanity,"Monty Metzger - Chairman, Toto Finance",,"Marina Bay Sands, Singapore"
1288a48a2d7d61a8,2026-10-08,2026-10-08T15:20,2026-10-08T15:40,Asia/Singapore,20,Institutional Stage,Panel,Tokenization: Building the Markets of Tomorrow,"Nikhil Sharma - Director, Digital Assets, BlackRock; Bart Smith - CEO, AVAT; Thomas Chen - Head of Commercial, BNB Chain","Henri Arslanian - Co-Founder and Managing Partner, Nine Blocks Capital Management","Marina Bay Sands, Singapore"
acf5dbe431f1f22a,2026-10-08,2026-10-08T15:20,2026-10-08T15:50,Asia/Singapore,30,OKX Main Stage,Panel,The Speculation Age: When Everything Becomes Tradable,"Johann Kerbrat - SVP and GM, Crypto and International, Robinhood; Rob Hadick - General Partner, Dragonfly; Akshay BD","Jordi Alexander - Founder, Selini Capital","Marina Bay Sands, Singapore"
28bbe387960ef521,2026-10-08,2026-10-08T15:30,2026-10-08T16:00,Asia/Singapore,30,BingX Labs Stage,Panel,Inside Crypto’s Trading Desks: The Market Outlook,"Yoann Turpin - Co-Founder, Wintermute; Thomas Uhm - Quant Research Director, QRT; Darius Sit - Founder, QCP; Xin Song - CEO, GSR",,"Marina Bay Sands, Singapore"
7135c8d91a9f1753,2026-10-08,2026-10-08T15:30,2026-10-08T15:45,Asia/Singapore,15,Bit Digital Stage,Keynote,Keynote,"John Nahas - CBO, Ava Labs",,"Marina Bay Sands, Singapore"
7ef698ba807d2284,2026-10-08,2026-10-08T15:40,2026-10-08T16:00,Asia/Singapore,20,Institutional Stage,Panel,"Stablecoins in Global Payments: Adoption, Integration and Scale","Henri Stern - Co-Founder and CEO, Privy",,"Marina Bay Sands, Singapore"
05a2f7cb687a9a1d,2026-10-08,2026-10-08T15:50,2026-10-08T16:20,Asia/Singapore,30,OKX Main Stage,Panel,The Next Crypto Cycle Will Look Different,"Kevin Lee - CSO, BingX",,"Marina Bay Sands, Singapore"
2866883516cbdcd3,2026-10-08,2026-10-08T16:00,2026-10-08T17:00,Asia/Singapore,60,BingX Labs Stage,Panel,The TOKEN2049 Roast of Ansem with T.J. Miller,"T.J. Miller - Actor and Comedian; Ansem ​ - Co-Founder, Bullpen","Jarred Winn - Founder and CEO, Winn.solutions","Marina Bay Sands, Singapore"
38299f3ec93c9910,2026-10-08,2026-10-08T16:00,2026-10-08T17:15,Asia/Singapore,75,MEXC Stage,Hackathon,TOKEN2049 Origins Hackathon Demos,,,"Marina Bay Sands, Singapore"
d28547af5cef87d9,2026-10-08,2026-10-08T16:15,2026-10-08T16:30,Asia/Singapore,15,Bit Digital Stage,Keynote,Keynote,"Omar-Shakeeb Zahir - Co-Founder and CEO, SecondLane",,"Marina Bay Sands, Singapore"
74894d3b52ec2c6d,2026-10-08,2026-10-08T16:20,2026-10-08T17:00,Asia/Singapore,40,OKX Main Stage,Panel,Tokenization: The Next Investment Revolution,"Cynthia Lo Bessette - Head of Digital Asset Management, Fidelity Investments; Hunter Horsley - CEO, Bitwise Asset Management; Nikhil Sharma - Director, Digital Assets, BlackRock; Amy Oldenburg - Head of Digital Asset Strategy, Morgan Stanley","Michael Blaugrund - VP, Strategic Initiatives, ICE","Marina Bay Sands, Singapore"
39bc4e898cf177f7,2026-10-08,2026-10-08T16:30,2026-10-08T16:45,Asia/Singapore,15,Bit Digital Stage,Keynote,Bridging Onchain Debt Markets with Real World Businesses,"Benjamin Sarquis Peillard - Founder and CEO, Cap",,"Marina Bay Sands, Singapore"
3329938e67cf1d24,2026-10-08,2026-10-08T17:15,2026-10-08T17:30,Asia/Singapore,15,MEXC Stage,Startup Competition,NEXUS Startup Competition Winner Announcement,,,"Marina Bay Sands, Singapore"
8b34dcfdb9289a9b,2026-10-08,2026-10-08T17:55,2026-10-08T18:00,Asia/Singapore,5,OKX Main Stage,Outro,TOKEN2049 Singapore Closing Remarks,,,"Marina Bay Sands, Singapore"
abe003c2250e4094,2026-10-08,2026-10-08T18:00,2026-10-08T19:30,Asia/Singapore,90,,General,Networking Drinks,,,"Marina Bay Sands, Singapore"
